Reference Number 1,Reference Number 2,Reference Number 3,Ready At,Del Date,Del no earlier than,Del no later than,Pickup Contact Name,Pickup Company,Pickup Contact Phone Number,Pickup Contact Email,Pickup Address Line 1,Pickup Address Line 2,Pickup City,Pickup Province,Pickup Postal Code,Dropoff Contact Name,Dropoff Company,Dropoff Contact Phone Number,Dropoff Contact Email,Dropoff Address Line 1,Dropoff Address Line 2,Dropoff City,Dropoff Province,Dropoff Postal Code,Service Level,Carrier Name,Vehicle Type Id,Notes,Number Of Pieces,Weight,Route Name,ID COMPANY
AE-08-01,,,,,,,,SyncTruck,,robertsemailhere@mail.com,310 Paterson Plank Road,,Carlstadt,NJ,7072,GB HARPER,,-7.95E+11,,9014 BITTERROOT CT,,LORTON,VA,-7549330,,Synctruck,,100-904344442314 ,1,1,PA9,10
AE-08-02,,,,,,,,SyncTruck,,robertsemailhere@mail.com,311 Paterson Plank Road,,Carlstadt,NJ,7073,GB HARPER,,-7.95E+11,,9015 BITTERROOT CT,,LORTON,VA,-7549329,,Synctruck,,100-904344442314 ,1,11,PA9,10
AE-08-03,,,,,,,,SyncTruck,,robertsemailhere@mail.com,312 Paterson Plank Road,,Carlstadt,NJ,7074,GB HARPER,,-7.95E+11,,9016 BITTERROOT CT,,LORTON,VA,-7549328,,Synctruck,,100-904344442314 ,1,21,PA9,10
AE-08-04,,,,,,,,SyncTruck,,robertsemailhere@mail.com,313 Paterson Plank Road,,Carlstadt,NJ,7075,GB HARPER,,-7.95E+11,,9017 BITTERROOT CT,,LORTON,VA,-7549327,,Synctruck,,100-904344442314 ,1,31,PA9,10
AE-08-05,,,,,,,,SyncTruck,,robertsemailhere@mail.com,314 Paterson Plank Road,,Carlstadt,NJ,7076,GB HARPER,,-7.95E+11,,9018 BITTERROOT CT,,LORTON,VA,-7549326,,Synctruck,,100-904344442314 ,1,41,PA9,10
AE-08-06,,,,,,,,SyncTruck,,robertsemailhere@mail.com,315 Paterson Plank Road,,Carlstadt,NJ,7077,GB HARPER,,-7.95E+11,,9019 BITTERROOT CT,,LORTON,VA,-7549325,,Synctruck,,100-904344442314 ,1,51,PA9,10
AE-08-07,,,,,,,,SyncTruck,,robertsemailhere@mail.com,316 Paterson Plank Road,,Carlstadt,NJ,7078,GB HARPER,,-7.95E+11,,9020 BITTERROOT CT,,LORTON,VA,-7549324,,Synctruck,,100-904344442314 ,1,61,PA9,10
AE-08-08,,,,,,,,SyncTruck,,robertsemailhere@mail.com,317 Paterson Plank Road,,Carlstadt,NJ,7079,GB HARPER,,-7.95E+11,,9021 BITTERROOT CT,,LORTON,VA,-7549323,,Synctruck,,100-904344442314 ,1,71,PA9,10
AE-08-09,,,,,,,,SyncTruck,,robertsemailhere@mail.com,318 Paterson Plank Road,,Carlstadt,NJ,7080,GB HARPER,,-7.95E+11,,9022 BITTERROOT CT,,LORTON,VA,-7549322,,Synctruck,,100-904344442314 ,1,81,PA9,10
AE-08-10,,,,,,,,SyncTruck,,robertsemailhere@mail.com,319 Paterson Plank Road,,Carlstadt,NJ,7081,GB HARPER,,-7.95E+11,,9023 BITTERROOT CT,,LORTON,VA,-7549321,,Synctruck,,100-904344442314 ,1,91,PA9,10
AE-08-11,,,,,,,,SyncTruck,,robertsemailhere@mail.com,320 Paterson Plank Road,,Carlstadt,NJ,7082,GB HARPER,,-7.95E+11,,9024 BITTERROOT CT,,LORTON,VA,-7549320,,Synctruck,,100-904344442314 ,1,101,PA9,10
AE-08-12,,,,,,,,SyncTruck,,robertsemailhere@mail.com,321 Paterson Plank Road,,Carlstadt,NJ,7083,GB HARPER,,-7.95E+11,,9025 BITTERROOT CT,,LORTON,VA,-7549319,,Synctruck,,100-904344442314 ,1,111,PA9,10
AE-08-13,,,,,,,,SyncTruck,,robertsemailhere@mail.com,322 Paterson Plank Road,,Carlstadt,NJ,7084,GB HARPER,,-7.95E+11,,9026 BITTERROOT CT,,LORTON,VA,-7549318,,Synctruck,,100-904344442314 ,1,121,PA9,10
